product name,price
"Amtec 43"" inch TV Frameless, Bluetooth Connectivity, Full HD TV Smart Android Television, Inbuilt Decoder for local channels, Netflix ,YouTube ,App Store, Wi-Fi Connectivity  + a FREE Surge Protector/TVGuard+ Wall Mounting Bracket+Extension Cable","KSh 19,295"
Lyons LES4304W 43” 2K FHD Frameless Android TV With Bluetooth -Black (1YR WRTY),"KSh 16,999"
Hisense 43A6K 43 Inch 4K UHD Smart TV (2YRs WRTY),"KSh 29,599"
"Amtec 50"" Full HD Vidaa OS Smart TV - Black (1YR WRTY)","KSh 28,299"
"Amtec 43L12 43"" Inch TV Smart Android TV Bluetooth Enabled +FREE Bracket+Extension","KSh 18,695"
"Amtec 43L12,43 inch TV Frameless Bluetooth Enabled Full HD Smart Android Television, Inbuilt Decoder for local channels, Netflix Youtube App Store, Wi-Fi Connectivity  + a FREE WALL MOUNTING BRACKET+ HEAVY DUTY EXTENSION CABLE","KSh 18,895"
"Amtec 43"" inch TV Frameless, Bluetooth Connectivity, Full HD TV Smart Android Television, Inbuilt Decoder for local channels, Netflix ,YouTube ,App Store, Wi-Fi Connectivity","KSh 18,395"
Globalstar Tv Digital Frameless 43 Inch - Black 43UK50,"KSh 15,899"
"Amtec 43L12,43"" inch TV Frameless, Bluetooth Connectivity, Full HD TV Smart Android Television, Inbuilt Decoder for local channels, Netflix ,YouTube ,App Store, Wi-Fi Connectivity  + a FREE Surge Protector/TVGuard+ HEAVY DUTY EXTENSION CABLE","KSh 18,995"
"TCL P635- 43"" Inch,  4K ULTRA  HD Smart Google/Android TV,NETFLIX,DECODER+POWER GUARD+EXTENSION","KSh 30,799"
"Amtec 55L12 - 55"" Frameless 4K UHD Smart Android TV, 1.5GB RAM + 8GB ROM - Black (1YR WRTY)","KSh 35,165"
"Vitron HTC6588USWO, 65"" 4K Smart Frameless TV, Wi-Fi/Netflix, 1YR WRTY","KSh 65,934"
"Amtec 43L12,43"" inch TV Frameless, Bluetooth Connectivity, Full HD TV Smart Android Television, Inbuilt Decoder for local channels, Netflix ,YouTube ,App Store, Wi-Fi Connectivity  + a FREE Wall Bracket+ HEAVY DUTY EXTENSION CABLE","KSh 18,895"
"Amtec 43""inch FHD Frameless BLUETOOTH Smart/Android TV InbuiltDecoder/(1 YEAR WARRANTY+Bracket","KSh 18,690"
"Amtec 43"" Inches,FRAMELESS, BLUETOOTH-ENABLED, SMART ANDROID TV,NETFLIX+TILT BRACKET","KSh 18,999"
Globalstar Tv Digital Frameless 40 Inch - Black 40UK50,"KSh 14,899"
TCL 65V6C 65 Inch Smart 4K HDR Google TV,"KSh 71,699"
"Amtec  43"" BLUETOOTH-FHD Smart& DIGITAL TV Android 11 TV,Youtube +BRACKET+32GB FLASH DISK","KSh 19,290"
"Amtec 43"" inch TV Frameless, Bluetooth Connectivity, Full HD TV Smart Android Television, Inbuilt Decoder for local channels, Netflix ,YouTube ,App Store, Wi-Fi Connectivity+ a FREE HDMI Cable+ Wall Mounting Bracket","KSh 18,695"
"Vitron HTC4388FS - 43"" Smart  Android Frameless TV - Black (1YR WRTY)","KSh 17,255"
"Vitron HTC3200S, 32"" Smart Frameless Android LED TV, With Bluetooth, (1YR WRTY)","KSh 10,599"
"Vision Plus VP8865KV - 65"" 4K TV with Vidaa OS + Free Wall Mount (2YRs WRTY)","KSh 65,934"
"Amtec 32R1S, 32"" Inch Smart Android Frameless LED TV With Bluetooth,  (1YR WRTY).","KSh 9,999"
Lyons LST4304W 43”INCH Smart Android Frameless 2K Full HD TV -  Bluetooth(1YR WRTY),"KSh 16,850"
"Vitron HTC3200S 32"" Inches Bluetooth Connectivity TV Smart Android Television With Inbuilt Wi-Fi Connectivity, Inbuilt Decoder Netflix Youtube App Store + GIFTS (1 YEAR WARRANTY )","KSh 12,099"
"Vitron 32""Inch Bluetooth/Frameless Smart Android TV Inbuilt Decoder+FREE GIFTS","KSh 11,890"
Hikers 32'' Digital Frameless HD LED TV-Black,"KSh 8,798"
"Vitron Vitron43"" HTC4388FS 43"" Inch TV Frameless, Bluetooth Enabled, Full HD ,Smart Android Television, Inbuilt Decoder For Local Channels,Wi-fi Connectivity, Netflix Youtube App Store (1 YEAR WARRANTY) +FREE TV GUARD+BRACKET+EXTENSION","KSh 19,595"
"Amtec 43L12, 43"" FHD Smart Android Frameless TV, Netfix, Youtube, Bluetooth - Black (1YR WRTY)","KSh 16,699"
Hikers 43'' Inch Frameless Android Smart FHD LED TV With Bluetooth - Black,"KSh 16,851"
"AILYONS LST3208W 32"" Smart Android FHD Frameless TV - HDMI,  (1YR WRTY)","KSh 9,899"
"Vitron HTC3200S,32""Inch Bluetooth Enabled Frameless Smart Android TV Inbuilt Decoder NetflixYoutube Appstore (1 YEAR WARRANTY)+FREE TVGuard+Bracket","KSh 11,799"
AILYONS LST4306W 43'' INCH Smart Android Full HD TV Frameless - Black () (1YR WRTY),"KSh 16,899"
"Vitron 3200S,32"" Inch Smart Android TV,NetflixYoutube, Appstore+FREE Extension+BRACKET","KSh 11,750"
"Vitron HTC4388FS 43""inch Full HD Frameless BLUETOOTH ENABLED Smart/Android TV InbuiltDecoder/(1 YEAR WARRANTY)+TVGuard+Bracket","KSh 19,495"
"AILYONS LET3208W 32"" FHD Frameless Digital LED TV Inbuilt Decoder DVB T2/S2 - USB-HDMI-VGA - Black ,  (1YR WRTY)","KSh 8,799"
"Vitron HTC4388FS,43"" INCH Frameless Smart Android TV,BLUEOTOOTH ENABLED, NETFLIX YOUTUBE, APP STORE, Inbuilt Decoder+FREE GIFTS (1YR WRTY)","KSh 19,795"
Hisense 43 Inch 43A4KKEN Smart TV (2YRs WRTY),"KSh 33,999"
"Vitron HTC3200S,32""inch Framelss BLUEOOTH ENABLED Television Smart Android TV,Netflix,Youtube (1 YEAR WARRANTY)+FREEBRACKET","KSh 11,599"
"Vision Plus VP8832DF - 32"" Digital HD Frameless TV, DVBT2/S2 - Black (2YRS WRTY)","KSh 9,890"
"Vitron HTC3200S 32"" Inch Smart Android TV-Bluetooth, Built-in Wi-Fi, Netflix, YouTube, Appstore, Inbuilt Decoder+Free Bracket+TV Guard+Extension","KSh 12,099"
"Globalstar 32UK64 , 32INCH Smart Android TV, Netflix, Youtube - Black","KSh 10,999"
"Skyworth 43G6500G, 43"" 4K UHD Google TV 2025 - Black (1YR WRTY)","KSh 27,699"
"Vitron HTC3218F - 32"" HD Frameless LED Digital TV (1YR WRTY). Black","KSh 9,699"
"Vitron HTC3200S,32""Inch Bluetooth Enabled Frameless Smart Android TV Netflix Youtube Inbuilt Decoder App Store (1 YEAR WARRANTY)","KSh 11,499"
"Hisense 43"" Inch,A4 Smart TV,FRAMELESS,DOLBY AUDIO,NETFLIX+BRACKET+TV POWER GUARD","KSh 24,599"
"Vitron HTC3200S,32 Inch Frameless Smart Android TV Inbuilt Wifi, Inbuilt Decoder,Bluetooth Enabled (1 Year Warranty)+FREE TV Guard+Extension","KSh 11,895"
"Vitron HTC3200S 32""inch Bluetooth Connectivity TV Smart Android Television With Inbuilt Wi-Fi Connectivity, Inbuilt Decoder Netflix ,YouTube, App Store + 4 FREE GIFTS (1 YEAR WARRANTY )","KSh 12,495"
"TCL 43S5400 S Series, 43"" Full HD Smart TV - Black","KSh 25,999"
"Vitron 43"" Inch Full HD Frameless Smart Android TV BLUETOOTH ENABLED, NETFLIX YOUTUBE,APP STORE, INBUILT DECODER(1 YEAR WARRANTY)+FREE WALL MOUNTING BRACKET+EXTENSION CABLE","KSh 18,995"
Hikers 32'' Inch Frameless Android Smart HD LED TV - Black,"KSh 9,899"
"TCL 55"" Inch,FRAMELESS,BLUETOOTH,Smart UHD 4K With HDR Google TV+360 BRACKET+TV GUARD","KSh 46,999"
"Vision Plus VP8843SF - 43"" FHD Android TV + Free Wall Mount (2YRs WRTY).","KSh 20,330"
"TCL 32S5400 S Series, 32"" FHD/HD HDR Smart TV - Black","KSh 15,199"
"Vitron 43""inch,INBUILT BLUETOOTH/ Frameless Smart& Digital Android TV InbuiltDecoder+BRACKET&EXTENSION","KSh 18,999"
"Hisense  43'' Inch Smart FHD Frameless,SMART & DIGITAL LED TELEVISION+BRACKET+GUARD","KSh 24,999"
"Lyons LST5503W SMART 55"" Inch,FRAMELESS/BLUETOOTH-ENABLED,ULTRA HD 4K  TV - Black (1YR WRTY)","KSh 34,699"
"Vitron HTC4388FS,43""Inch Smart Android TV Frameless Bluetooth Enabled App Store Netflix Youtube (1 Year Warranty) +Free TVGuard+Bracket","KSh 19,295"
"Skyworth 32E3500G, 32-inches Full HD Frameless Smart Google TV, Black (1YR WRTY)","KSh 15,599"
"Globalstar 40UK64 , 40INCH Smart Android TV, Netflix, Youtube - Black","KSh 15,000"
"Lyons LST5003W 50"" Inch Smart Android Frameless TV - Black (1YR WRTY)","KSh 29,399"
"Skyworth 43E3500G, 43-inches Full HD 2024 Frameless Google TV, Black (1YR WRTY)","KSh 25,699"
TCL 55V6C 55Inch Smart 4K HDR Google TV,"KSh 44,299"
"Vitron 32"" Inches-,BLUETOOTH,HD Smart LED Android 11-TV,Appstore-Netflix+Flash-32GB+Wall Bracket","KSh 11,790"
Amtec 24 INCHES  DIGITAL TV WITH INBUILT  FREE DECORDER,"KSh 6,670"
"Vitron VITRON43""TV  HTC4388-FS 43""inch BLUETOOTH ENABLED FULL HD Frameless Smart/Android TELEVISION Inbuilt Decoder For Local Channels/Netflix Youtube App Store 1 YEAR Warranty+ FREE TVGuard+WALL Bracket","KSh 19,295"
"Globalstar 32UK50 , 32INCH DIGITAL TV Frameless- Black (1YR WRTY)","KSh 8,999"
"Vitron 4068FS, 40"" Smart Android TV, Netflix, Youtube - Black (1YR WRTY)","KSh 16,813"
"Skyworth 50G3A, 50-Inch 4K UHD Frameless Android Smart TV – Black","KSh 36,999"
"Hisense 55"" Inch 4K UHD SMART BLUETOOTH TV-2024 MODEL+FREE 360 WALL BRACKET","KSh 45,999"
"Solarmax 24"" INCHES AC/DC LED DIGITAL TV-FREE TO AIR CHANNELS-USB/HDMI","KSh 6,297"
"TCL 43V6B -43"" inch HDR 4K UHD Google TV,Frameless/Bluetooth,Netflix&Youtube+TILT BRACKET+GUARD","KSh 30,799"
"Globalstar 43UK64 , 43INCH Smart Android TV, Netflix, Youtube - Black","KSh 16,000"
"Skyworth 55Q6500G, 55-inches 4K QLED 2025 Frameless Smart Android TV, Black (1YR WRTY)","KSh 47,699"
"Vitron HTC3200S,32""inch Bluetooth Enabled Television Smart Android TV Netflix Youtube Inbuilt Decoder Built-in Wi-Fi (1 YEAR WARRANTY)+Free Extension+32GB Flash Disk","KSh 11,785"
Hisense 55A6NKEN 55 Inch Smart 4k UHD Frameless (2YRs WRTY),"KSh 42,799"
"Vitron 43""inch -/BLUETOOTH TV/FHD Frameless Smart& Digital Android TV InbuiltDecoder/+14MONTHS WARRANTY","KSh 18,599"
"Solarmax 24"" AC/DC INCHES LED DIGITAL FLAT SCREEN TV-INBUILD DECODER-USB/HDMI","KSh 6,297"
Vitron Frameless 32 Inch Digital HD LED TV With Inbuilt-Decoder+FREE GIFTS,"KSh 10,699"
"Vitron HTC4388FS 43""INCH Frameless Smart Android TV, Inbuilt Decoder,Bluetooth Enabled, Netflix,Youtube (1 Year Warranty) +Free Extension & TV Guard (1YR WRTY)","KSh 19,395"
"Hikers 43"" Frameless Android Smart FHD LED TV - Black","KSh 17,376"
"Vision Plus VP8855KV - 55"" 4K TV with Vidaa OS + Free Wall Mount (2YRs WRTY)","KSh 38,462"
"Vitron 43"" Inch-FRAMELESS SMART ANDROID TV,YOUTUBE+WALL BRACKET+TVGUARD","KSh 18,590"
"Vitron  43""inch, Frameless Smart Android 11 TV,Bluetooth-Enabled Inbuilt Decoder+FREE TV GUARD+TILT BRACKET","KSh 19,899"
"Vitron HTC3200S Bluetooth Enabled 32"" Inch Television Smart Android TV With Inbuilt Decoder(1 YEAR WARRANTY)+ FREE TV Guard+Bracket","KSh 11,789"
"Hisense 32"" Inch Frameless FHD SMART TV,Netflix,WIFI,INBUILT DECODER+TV GUARD+BRACKET","KSh 16,599"
"Vitron 4388FS,43"" Inch FRAMELESS Smart Android TV Netflix INBUILT DECODER, Bluetooth Enabled Television (1 Year Warranty)+FREE BRACKET","KSh 18,295"
Solarmax 24 INCH AC/DC LED DIGITAL TV With Inbuilt Decorder,"KSh 6,200"
"TCL 32"" Inch -FULL HD Frameless AI Smart GOOGLE/ANDROID LED TV,DOLBY AUDIO+TILT BRACKET.","KSh 16,899"
"Vitron HTC4388FS 43"" Inch TV Frameless, Bluetooth Enabled, Full HD ,Smart Android Television, Inbuilt Decoder For Local Channels,Wi-fi Connectivity, Netflix Youtube App Store (1 YEAR WARRANTY)+FREE TV GUARD+BRACKET+EXTENSION","KSh 19,195"
"Vitron 5068US,50"" Inch FRAMELESS 4K UHD Android TV,BLUETOOTH ENABLED+2 YEARS WARRANTY","KSh 32,999"
"TCL S5400S,43"" Inch - FHD,GOOGLE/ANDROID  TV, Smart  TV,Bluetooth TV,Frameless+FREE 360 BRACKET","KSh 27,999"
"Amtec 32R1S,32"" Inch AC/DC Smart Android HD TV, Bluetooth Connectivity, Smart Android Television, Inbuilt decoder for local channels, Wi-Fi connectivity ,HDMI USB Ports","KSh 11,999"
"Vitron Frameless-Digital 32"" inch TV+Free inbuilt decoder+Wall Bracket+Extension","KSh 10,699"
"Hisense 43 Inch, A6 Series, 43A6HKEN, Frameless, UHD 4K, Smart TV-NETFLIX,BLUETOOTH+FREE GIFTS","KSh 30,999"
"Vitron HTC3200S 32"" Inch Smart Android 11.0 TV Bluetooth Enabled Television Netflix,Youtube App Store Inbuilt Wifi Inbuilt Sound Bar Inbuilt Decoder (1 YR WARANTY)+Free TV Guard+ Wall Bracket","KSh 11,785"
"Vitron HTC3200S 32""inch Bluetooth Enabled Smart Android TV Netflix Youtube App Store Television With Inbuilt Sound Bar Inbuilt Decoder+Free 32GB Flash Disk+TV Guard","KSh 11,895"
"Vitron HTC3218,Frameless 32"" Inch Digital LED Television USB HDMI INBUILT DECODER (1 YEAR WARRANTY)+FREE Wall Bracket","KSh 10,395"
CTC 22 INCH AC/DC LED DIGITAL TV With Inbuilt Decorder (1YR WRTY),"KSh 5,495"
"Skyworth 32E3500G, 32-inches Full HD Frameless Smart Google TV, Black (1YR WRTY)","KSh 15,799"
Hisense 43 Inch 43A4KKEN Smart Tv (2YRs WRTY),"KSh 24,495"
"Hisense 43A4, 43"" INCH FRAMELESS SMART TELEVISION, FULL HD RESOLUTION, A4K SERIES ,NETFLIX ,YOUTUBE TV,DTS, INBUILT DECODER, BUILT-IN WIFI,VIDAA OS+FREE TV GUARD+BRACKET","KSh 24,995"
Amtec 24 INCHES DIGITAL TV WITH INBUILT FREE DECORDER+wall Bracket And Extension,"KSh 6,999"
"Skyworth 50Q6500G, 50-inches 4K QLED 2024 Frameless Google TV, Black (1YR WRTY)","KSh 41,199"
"Vitron HTC3200S 32""inch Smart Android 11.0 TV Bluetooth Enabled TV Netflix Youtube App Store Inbuilt Wifi Inbuilt Decoder+Free Extension+ Wall Bracket","KSh 11,699"
"Vitron HTC4388FS 43"" Inch TV Frameless Bluetooth Enabled Full HD Smart Android Television, Wi-Fi Connectivity  Inbuilt Decoder Netflix Youtube App Store + A Free Wall Mounting Bracket And TV Guard","KSh 18,585"
"TCL 43"" Inch,  4K Ultra HD Smart LED Google/Android TV,Bluetooth-Enabled+2 YEARS WARRANTY","KSh 29,999"
Solarmax 22 Inches Led Digital tv with Inbuilt Decorder AC/DC,"KSh 5,514"
"TCL 43"" Inch  4K ULTRA HD,Smart GOOGLE TV,NETFLIX,APPSTORE+GIFTS","KSh 30,590"
"Hikers 32"" Frameless Android Smart HD LED TV - Black","KSh 10,749"
"Amtec 32R1S 32"" Inch Bluetooth Smart Android TV Inbuilt Decoder +FREE TVGuard+Bracket","KSh 11,999"
"Vision Plus VP8850KV - 50"" 4K TV with Vidaa OS + Free Wall Mount (2YRs WRTY)","KSh 32,967"
"Gld 43"" inch TV Smart Android TV Bluetooth Connectivity Television, Inbuilt Decoder Netflix Youtube VGA HDMI USB Wide Color Enhancer + FREE TV GUARD+BRACKET","KSh 20,595"
"Vitron VITRON43""TV  HTC4388-FS 43""inch BLUETOOTH ENABLED FULL HD Frameless Smart/Android TELEVISION InbuiltDecoder for Local Channels/Netflix Youtube App Store,Multiple USB&HDMI Ports, 14 Months Warranty","KSh 18,195"
"TCL 55"" Inch Smart TV, ULTRA HD 4K,BLUETOOTH-ENABLED,Google/Android TV Frameless – 2023 Model","KSh 45,999"
"Globalstar 43UK50 , 43INCH DIGITAL TV, FRAMELESS - Black (1YR WRTY)","KSh 15,000"
Amtec 24 Inches Led Inbuilt Decorder Black,"KSh 6,499"
Hisense 55 INCH SMART 4K QLED,"KSh 49,499"
"Hisense A6K- 43"" inch UHD Frameless Smart/Bluetooth TV, InbuiltDecoder/+TV Guard+Bracket","KSh 30,995"
"Hisense 43"" Inch-Frameless//Bluetooth,Smart&Digital LED TV FULL HD,Netflix+BRACKET+POWER GUARD","KSh 24,999"
"Vitron  HTC3200S 32"" Inches Bluetooth-Enabled Smart Android Television With Inbuilt Wi-Fi, Inbuilt Decoder Netflix,Appstore+FREE GIFTS (1 YEAR WARRANTY )","KSh 12,099"
"Amtec Am 32M8, 32"", Digital LED TV DVBt2 HD AC/DC (1YR WRTY)","KSh 9,560"
"Gld 43"" inch TV Smart Android TV Bluetooth Connectivity Television,Wifi connectivity, Inbuilt Decoder for local channels, Netflix,Youtube HDMI USB PORTS Wide Color Enhancer + FREE  SURGE PROTECTOR/TVGUARD+ WALL MOUNTING BRACKET+EXTENSION CABLE","KSh 20,895"
"Vision Plus 32 Inch, BLUETOOTH, FRAMELESS, SMART ANDROID TV","KSh 12,990"
"Vitron HTC3200S 32-Inch Frameless Bluetooth Smart Android TV,Wi-Fi Built-in, HD LED TV,App Store Access, Inbuilt Free-to-Air Decoder+Free TV Guard,Wall Bracket+Flash Disk (","KSh 12,499"
"Vitron 50"" Inch ULTRA HD 4K Frameless Smart Android TV Bluetooth//Inbuilt Decoder/Wi-Fi+FREE ROTATING BRACKET","KSh 35,690"
"Hisense 50"" INCH, 50A6 ULTRA 4K HD Smart TV,A6 SERIES VIDAA OS, BLUETOOTH ENABLED, NETFLIX ,YOUTUBE, BUILT-IN WIFI,NATURAL COLOR ENHANCER,INBUILT DECODER,DOLBY,CLEAN VIEW+FREE TV GUARD+WALL MOUNTING BRACKET","KSh 41,995"
"Skyworth 50G3A, 50″ 4K UHD Frameless Smart Android TV – Black","KSh 38,199"
Vitron HTC5068US 50” Smart Android 4K UHD LED TV - Black (1YR WRTY),"KSh 31,320"
Lyons LES5002W 50” 4K UHD Frameless Android Smart TV With Bluetooth - Black (1YR WRTY),"KSh 28,999"
"Hisense 32A4K ,32"" Inch Television Frameless Smart TV (2YRS WRTY)","KSh 15,670"
"Vitron HTC3200S,32"" Inch Bluetooth Enabled Television, Frameless Smart Android TV, Inbuilt Free To Air Decoder For Local Channels, App Store, Netflix Youtube, Wi-Fi Connectivity 2*USB Ports 3*HDMI Ports 1GBRAM 8GB ROM +FREE WALL MOUNTING BRACKET+EXTENSION CABLE","KSh 11,895"
Fire  TV Stick YouTube / Netflix / amazon music / amazon movie. & Alexa Voice Remote.,"KSh 7,200"
"Amtec  24 Inch, Digital LED TV - HDMI,USB PORT","KSh 6,464"
"Amtec 24""inches,LED DIGITAL,HD -USB AND HDMI CONNECTIVITY","KSh 6,670"
"Vitron 32"" Inch Smart Android Tv,USB/HDMI,Frameless, Netflix + FREE GIFTS","KSh 11,790"
"Globalstar 32UK 32"" INCH SMART ANDROID & DIGITAL TV HD TELEVISION WITH INBUILT DECODER FOR LOCAL CHANNELS,BLUETOOTH CONNECTIVITY, WIFI CONNECTIVITY,NETFLIX, YOUTUBE, APP STORE, Facebook Watch, Prime Video (1 YEAR WARRANTY)+WALL MOUNTING BRACKET+ TV GUARD","KSh 10,999"
"Vitron 4388FS 43""Inch Frameless FULLHD Smart Android TV YoTubeNetflix InbuiltDecoder","KSh 18,295"
"Vitron HTC4388FS 43"" Inch Full HD Frameless Smart Android TV, 8GBROM, BLUETOOTH ENABLED, NETFLIX, YOUTUBE INBUILT DECODER (1 YR WARRANTY )+Free TVGuard+Extension","KSh 18,585"
"Amtec 32R1S,32"" Inch Television Bluetooth ENABLED Smart Android TV, Frameless,BUILT-IN WI-FI,  Inbuilt decoder for local channels + a Free TV Guard/Surge Protector+ Heavy Duty Extension Cable+Wall Mounting Bracket","KSh 12,595"
"Solarmax 32""Inch Bluetooth Enabled Frameless Smart Android TV Inbuilt Decoder Netflix You Tube Appstore +FREE TV Guard And Bracket And Free Extension","KSh 11,522"
"TCL 50"" Inch-FRAMELESS/BLUETOOTH TV-UHD 4K,GOOGLE TV/NETFLIX+TILT WALL MOUNT+TV GUARD","KSh 42,999"
"Solarmax 26""inches,LED DIGITAL,HD -USB AND HDMI CONNECTIVITY","KSh 6,684"
"Vitron HTC5568S,55"" inch FRAMELESS- 4K ULTRA HD Smart& Digital - Android 11 TV, Netflix, Youtube Bluetooth+GIFTS","KSh 41,999"
"Artel 32"" Frameless  Smart Android TV Netflix Youtube  With Bluetooth 1G+8G","KSh 14,999"
"TCL 32""  Inch- Frameless,Google Android TV,Bluetooth-Enabled FHD Led TV,NETFLIX,YOUTUBE+BRACKET+TV GUARD","KSh 17,999"
"Vitron 32"" Inch Smart Android Tv,Frameless, Netflix,Youtube + FREE GIFTS","KSh 11,890"
"CTC  22""inches USB AND HDMI CONNECTIVITY,,LED TV WITH INBUILT DECORDER","KSh 5,524"
"Hisense SMART 55"" Inch,FRAMELESS/BLUETOOTH, ULTRA HD 4K HDR ,NETFLIX+POWER GUARD+TILT BRACKET","KSh 45,999"
"TCL 43"" Inch BLUETOOTH TV//Smart ANDROID/GOOGLE TV,Netflix,WIFI,Youtube","KSh 27,290"
"Vitron Frameless 32"" Inch Digital LED TV,USB HDMI,INBUILT DECODER +Wall Bracket","KSh 10,499"
"Vitron 32""inch Smart Android TV Inbuilt WIFI,Decoder-Google Play-HD","KSh 11,390"
"Solarmax 26"" INCHES AC/DC LED DIGITAL TV-FREE TO AIR CHANNELS-USB/HDMI","KSh 6,797"
"Vitron HTC5568US 55"" Inch Frameless Bluetooth Enabled, Wi-Fi Connectivity, 4KUHD Smart Android TV, Inbuilt Decoder(1 Year Warranty)+FREE TVGUARD+BRACKET","KSh 40,495"
"Hisense A4- 32"" Inch Frameless FHD SMART TV ,Netflix ,INBUILT DECODER+2 YEARS WARRANTY","KSh 17,499"
"Vitron 55"" Inch FRAMELESS BLUETOOTH,4K UHD Android TV 1.5GBRAM,8GBROM-NETFLIX","KSh 39,999"
"Vitron 32"" Inch Smart Android Tv,Frameless, Netflix,Youtube","KSh 11,999"
"Amtec 28"" 28L12 Digital LED HD TV (1YR WRTY)-Black (1YR WRTY)","KSh 7,299"
"Hisense 43"" Inch FHD Frameless Smart TV,NETFLIX,YOUTUBE,VIDAA OS+FREE GIFTS","KSh 24,999"
"Hisense 43A4, 43"" INCH FRAMELESS SMART TELEVISION, FULL HD RESOLUTION, A4K SERIES ,NETFLIX ,YOUTUBE TV,DTS, INBUILT DECODER, BUILT-IN WIFI,VIDAA OS","KSh 24,795"
"Vitron Smart 32"" Inch,BLUETOOTH,Android 11,Inbuilt Decoder,Youtube+Extension&Bracket","KSh 11,690"
Lyons LST4305W 43”INCH Smart Android Frameless 2K Full HD TV - Black  (1YR WRTY),"KSh 17,599"
"CTC CT32F1S, 32"" Inch Frameless Bluetooth Enabled Smart Android TV App Store Youtube (1 Year Warranty)+ Free TV Guard+Extension","KSh 11,395"
TCL 43 INCHES V6C 4K HDR Google TV – 43V6C (New 2025 Model),"KSh 31,399"
"Amtec 32""Inch-AC/DC,Bluetooth,Frameless Smart Android TV Inbuilt Decoder NetflixYoutube+FREE 32GB FLASH+Bracket","KSh 12,370"
"Gld 32 Inch Frameless Smart-Digital Android TV ,Bluetooth-Enabled//Decoder Netflix +FREE BRACKET&EXTENSION","KSh 12,299"
"Glaze 50"" Inch UHD FRAMELESS Android,BLUETOOTH SMART,NETFLIX+WALL MOUNT,TV GUARD","KSh 31,999"
"Vitron 50"" Inch SMART Android TV,BLUETOOTH,FRAMELESS,FULL HD+TV GUARD","KSh 32,999"
"TCL 43"" INCH, P635 UHD 4K,Google/Android TV,NETFLIX/YOUTUBE-BLUETOOTH+2YRS WARRANTY","KSh 29,999"
"Solarmax 32""Inch Bluetooth Enabled Frameless Smart Android TV Inbuilt Decoder Netflix You tube Appstore +FREE TV Guard and Bracket","KSh 11,414"
Solarmax  24 Inch Digital LED TV AC/DC Clear Images,"KSh 6,314"
Hikers 55'' Frameless Android Smart 4K LED TV - Black,"KSh 33,990"
"Hisense 50"" Inch (50A6K) VIDAA OS LED Frameless Smart TV - Black (2YRS WRTY)","KSh 39,200"
Solarmax 24 Inches Led Digital Televison AC/DC Free To Air Channel,"KSh 6,299"
"Hikers 32"" Digital Frameless HD LED TV - Black","KSh 9,129"
"Vitron 32"" inch-Frameless /Smart & Android TV,1GB RAM ,NETFLIX,APPSTORE+BRACKET+EXTENSION","KSh 11,699"
"Skyworth 43"" INCH  FHD ,BLUETOOTH ENABLED- Smart&Digital  Android TELEVISION","KSh 26,690"
"Gld 32"" Inch Smart Android 11 TV NETFLIX,YOUTUBE-InbuiltDecoder+Bracket+Power Guard","KSh 12,299"
"Vitron HTC4068FS, 40"" Inch Frameless Smart Android TV AppStore Netflix Youtube Television+TV Guard+Wall Bracket","KSh 17,595"
"Globalstar 55UK64 , 55INCH Smart Android TV, Netflix, Youtube - Black","KSh 35,999"
"Vitron FRAMELESS DIGITAL TV-HDMI+INBUILT DECODER-32"" Inch+TV Guard+Extension (1YR WRTY)","KSh 11,299"
"Vitron HTC4068FS, 40"" Inch Frameless Smart Android TV Netflix, Youtube Appstore Inbuilt Decoder","KSh 16,995"
"Vitron HTC4068FS, 40""inch Frameless Bluetooth Television Smart Android TV, Inbuilt Decoder ,App Store Netflix Youtube(1 Year Warranty) + A Free Wall Mounting Bracket","KSh 17,295"
"Amtec 32"" Inches 32R1S Android TV – Smart Frameless TV, Bluetooth, Wi-Fi, Inbuilt Decoder +Free Gifts","KSh 11,999"
"Vision Plus 43"" Inch Frameless FULL HD Smart Android Bluetooth TV,NETFLIX+FREE BRACKET+TV GUARD","KSh 22,990"
"Vision Plus VP8843KV - 43"" 4K TV with Vidaa OS + Free Wall Mount (2 YRs WRTY)","KSh 25,351"
"TCL 32"" Inch Frameless AI Smart GOOGLE LED TV,NETFLIX,YOUTUBE-GIFTS","KSh 16,690"
"Glaze 43"" Inch Full HD Smart TV – Bluetooth Enabled, WiFi Connectivity, Netflix, YouTube, Inbuilt Decoder+BRACKET+TV GUARD+EXTENSION","KSh 18,999"
"Vitron 32Inch Frameless,Bluetooth/ Smart Android 11,Google Playstore+FREE WALL BRACKET free Guard+14mWARRANTY","KSh 12,599"
"Gld 43"" Inch-FULL HD SMART ANDROID TV, BLUETOOTH,NETFLIX,YOUTUBE+FREE TILT BRACKET+TV GUARD","KSh 20,999"
"Hisense 55A6N 4K Ultra HD Smart LED Smart VIDAA TV, 55""-Inch+FREE 360 BRACKET+POWER GUARD","KSh 46,999"
"Vitron HTC3200S,32"" Inch Bluetooth Enabled Television, Frameless Smart Android TV, Inbuilt Free To Air Decoder For Local Channels,App Store, Netflix Youtube, Wi-Fi Connectivity 2*USB Ports 3*HDMI Ports 1GBRAM 8GB ROM +FREE TV GUARD + WALL MOUNTING BRACKET","KSh 11,895"
"CTC CT32F1S, 32"" Frameless, Bluetooth Television, Smart Android TV, Inbuilt Decoder For Local Channels (1YR WRTY)","KSh 10,895"
"Hisense 43-Inch (2025 MODEL)A6 Series 4K UHD Smart VIDAA TV, Dolby Vision HDR+FREE 360 BRACKET+TV GUARD","KSh 31,999"
"Globalstar 32UK 32"" INCH SMART ANDROID & DIGITAL TV HD TELEVISION WITH INBUILT DECODER FOR LOCAL CHANNELS,BLUETOOTH CONNECTIVITY, WIFI CONNECTIVITY,NETFLIX, YOUTUBE, APP STORE, Facebook Watch, Prime Video (1 YEAR WARRANTY)+WALL MOUNTING BRACKET+EXTENSION CABLE","KSh 10,999"
"Skyworth 55G6500G, 55"" 4K UHD 2025 Frameless Smart Android TV, Black (1YR WRTY)","KSh 43,199"
Hikers 32'' Digital Frameless HD LED TV-Black  High Quality Audio System,"KSh 8,798"
"Vitron 50 Inch TV BLUETOOTH Frameless 4K UHD Smart Android TV 1.5GBRAM,8GB ROM+BRACKET","KSh 32,695"
"TCL  43"" inch Full HD,Dolby Audio/Google TV,Bluetooth-enabled,Android OS+Free Extension+TVGuard","KSh 27,790"
Skyworth 32 Inch Smart TV + TV Guard+ Wall Mount,"KSh 16,990"
